id,name,registry_status,registry_source,meta_status,meta_source,implemented,implementation_path,notes
269,STAT_MODE,extension_requires_meta_id_range_patch,service_registry_v33.csv,extension_requires_meta_id_range_patch,service_registry_v33.csv,no,,mode first
270,STAT_QUARTILE,extension_requires_meta_id_range_patch,service_registry_v33.csv,extension_requires_meta_id_range_patch,service_registry_v33.csv,no,,quartile placeholder
271,STAT_PERCENTILE,extension_requires_meta_id_range_patch,service_registry_v33.csv,extension_requires_meta_id_range_patch,service_registry_v33.csv,no,,percentile placeholder
272,STAT_SKEWNESS,extension_requires_meta_id_range_patch,service_registry_v33.csv,extension_requires_meta_id_range_patch,service_registry_v33.csv,no,,skewness placeholder
273,STAT_KURTOSIS,extension_requires_meta_id_range_patch,service_registry_v33.csv,extension_requires_meta_id_range_patch,service_registry_v33.csv,no,,kurtosis placeholder
281,CORR_SPEARMAN,extension_requires_meta_id_range_patch,service_registry_v33.csv,extension_requires_meta_id_range_patch,service_registry_v33.csv,no,,spearman placeholder
282,CORR_KENDALL,extension_requires_meta_id_range_patch,service_registry_v33.csv,extension_requires_meta_id_range_patch,service_registry_v33.csv,no,,kendall placeholder
291,REG_MULTIPLE,extension_requires_meta_id_range_patch,service_registry_v33.csv,extension_requires_meta_id_range_patch,service_registry_v33.csv,no,,reserved
292,REG_POLYNOMIAL,extension_requires_meta_id_range_patch,service_registry_v33.csv,extension_requires_meta_id_range_patch,service_registry_v33.csv,no,,reserved
293,REG_LOGISTIC,extension_requires_meta_id_range_patch,service_registry_v33.csv,extension_requires_meta_id_range_patch,service_registry_v33.csv,no,,reserved
300,TTEST_ONE,extension_requires_meta_id_range_patch,service_registry_v33.csv,extension_requires_meta_id_range_patch,service_registry_v33.csv,no,,one sample t placeholder
301,TTEST_INDEPENDENT,extension_requires_meta_id_range_patch,service_registry_v33.csv,extension_requires_meta_id_range_patch,service_registry_v33.csv,no,,independent t placeholder
302,TTEST_PAIRED,extension_requires_meta_id_range_patch,service_registry_v33.csv,extension_requires_meta_id_range_patch,service_registry_v33.csv,no,,paired t placeholder
303,ZTEST_ONE,extension_requires_meta_id_range_patch,service_registry_v33.csv,extension_requires_meta_id_range_patch,service_registry_v33.csv,no,,one sample z placeholder
304,ZTEST_TWO,extension_requires_meta_id_range_patch,service_registry_v33.csv,extension_requires_meta_id_range_patch,service_registry_v33.csv,no,,two sample z placeholder
305,FTEST_VARIANCE,extension_requires_meta_id_range_patch,service_registry_v33.csv,extension_requires_meta_id_range_patch,service_registry_v33.csv,no,,f variance placeholder
306,ANOVA_ONEWAY,extension_requires_meta_id_range_patch,service_registry_v33.csv,extension_requires_meta_id_range_patch,service_registry_v33.csv,no,,oneway anova placeholder
307,ANOVA_TWOWAY,extension_requires_meta_id_range_patch,service_registry_v33.csv,extension_requires_meta_id_range_patch,service_registry_v33.csv,no,,reserved
308,CHI_SQUARE,extension_requires_meta_id_range_patch,service_registry_v33.csv,extension_requires_meta_id_range_patch,service_registry_v33.csv,no,,chi square placeholder
309,CHI_GOODNESS,extension_requires_meta_id_range_patch,service_registry_v33.csv,extension_requires_meta_id_range_patch,service_registry_v33.csv,no,,goodness placeholder
320,POSTHOC_TUKEY,extension_requires_meta_id_range_patch,service_registry_v33.csv,extension_requires_meta_id_range_patch,service_registry_v33.csv,no,,tukey placeholder
321,POSTHOC_DUNCAN,extension_requires_meta_id_range_patch,service_registry_v33.csv,extension_requires_meta_id_range_patch,service_registry_v33.csv,no,,duncan placeholder
322,POSTHOC_DUNNETT,extension_requires_meta_id_range_patch,service_registry_v33.csv,extension_requires_meta_id_range_patch,service_registry_v33.csv,no,,dunnett placeholder
323,POSTHOC_BONFERRONI,extension_requires_meta_id_range_patch,service_registry_v33.csv,extension_requires_meta_id_range_patch,service_registry_v33.csv,no,,bonferroni placeholder
324,POSTHOC_SCHEFFE,extension_requires_meta_id_range_patch,service_registry_v33.csv,extension_requires_meta_id_range_patch,service_registry_v33.csv,no,,scheffe placeholder
325,POSTHOC_LSD,extension_requires_meta_id_range_patch,service_registry_v33.csv,extension_requires_meta_id_range_patch,service_registry_v33.csv,no,,lsd placeholder
340,AI_NORMALIZE_MINMAX,extension_requires_meta_id_range_patch,service_registry_v33.csv,extension_requires_meta_id_range_patch,service_registry_v33.csv,no,,minmax normalize
341,AI_NORMALIZE_ZSCORE,extension_requires_meta_id_range_patch,service_registry_v33.csv,extension_requires_meta_id_range_patch,service_registry_v33.csv,no,,zscore normalize
342,AI_ONEHOT,extension_requires_meta_id_range_patch,service_registry_v33.csv,extension_requires_meta_id_range_patch,service_registry_v33.csv,no,,reserved
343,AI_TRAIN_TEST_SPLIT,extension_requires_meta_id_range_patch,service_registry_v33.csv,extension_requires_meta_id_range_patch,service_registry_v33.csv,no,,reserved
344,AI_SHUFFLE,extension_requires_meta_id_range_patch,service_registry_v33.csv,extension_requires_meta_id_range_patch,service_registry_v33.csv,no,,reserved
345,AI_CONFUSION_MATRIX,extension_requires_meta_id_range_patch,service_registry_v33.csv,extension_requires_meta_id_range_patch,service_registry_v33.csv,no,,confusion matrix placeholder
346,AI_ACCURACY,extension_requires_meta_id_range_patch,service_registry_v33.csv,extension_requires_meta_id_range_patch,service_registry_v33.csv,no,,accuracy
347,AI_PRECISION,extension_requires_meta_id_range_patch,service_registry_v33.csv,extension_requires_meta_id_range_patch,service_registry_v33.csv,no,,precision
348,AI_RECALL,extension_requires_meta_id_range_patch,service_registry_v33.csv,extension_requires_meta_id_range_patch,service_registry_v33.csv,no,,recall
349,AI_F1,extension_requires_meta_id_range_patch,service_registry_v33.csv,extension_requires_meta_id_range_patch,service_registry_v33.csv,no,,f1 score
350,AI_DISTANCE_EUCLIDEAN,extension_requires_meta_id_range_patch,service_registry_v33.csv,extension_requires_meta_id_range_patch,service_registry_v33.csv,no,,euclidean distance
351,AI_DISTANCE_COSINE,extension_requires_meta_id_range_patch,service_registry_v33.csv,extension_requires_meta_id_range_patch,service_registry_v33.csv,no,,cosine distance placeholder
352,AI_KNN_BASIC,extension_requires_meta_id_range_patch,service_registry_v33.csv,extension_requires_meta_id_range_patch,service_registry_v33.csv,no,,reserved
353,AI_LINEAR_LAYER,extension_requires_meta_id_range_patch,service_registry_v33.csv,extension_requires_meta_id_range_patch,service_registry_v33.csv,no,,reserved
354,AI_SIGMOID,extension_requires_meta_id_range_patch,service_registry_v33.csv,extension_requires_meta_id_range_patch,service_registry_v33.csv,no,,sigmoid scaled
355,AI_RELU,extension_requires_meta_id_range_patch,service_registry_v33.csv,extension_requires_meta_id_range_patch,service_registry_v33.csv,no,,relu
356,AI_SOFTMAX,extension_requires_meta_id_range_patch,service_registry_v33.csv,extension_requires_meta_id_range_patch,service_registry_v33.csv,no,,reserved
360,RAND_SEED,extension_requires_meta_id_range_patch,service_registry_v35.csv,extension_requires_meta_id_range_patch,service_registry_v35.csv,no,,
361,RAND_UNIFORM_01,extension_requires_meta_id_range_patch,service_registry_v35.csv,extension_requires_meta_id_range_patch,service_registry_v35.csv,no,,
362,RAND_INT_RANGE,extension_requires_meta_id_range_patch,service_registry_v35.csv,extension_requires_meta_id_range_patch,service_registry_v35.csv,no,,
363,RAND_NORMAL,extension_requires_meta_id_range_patch,service_registry_v35.csv,extension_requires_meta_id_range_patch,service_registry_v35.csv,no,,
364,RAND_POISSON,extension_requires_meta_id_range_patch,service_registry_v35.csv,extension_requires_meta_id_range_patch,service_registry_v35.csv,no,,
365,RAND_BINOMIAL,extension_requires_meta_id_range_patch,service_registry_v35.csv,extension_requires_meta_id_range_patch,service_registry_v35.csv,no,,
366,RAND_WEIGHTED,extension_requires_meta_id_range_patch,service_registry_v35.csv,extension_requires_meta_id_range_patch,service_registry_v35.csv,no,,
367,RAND_SECURE_BYTE,extension_requires_meta_id_range_patch,service_registry_v35.csv,extension_requires_meta_id_range_patch,service_registry_v35.csv,no,,
368,RAND_BERNOULLI,extension_requires_meta_id_range_patch,service_registry_v35.csv,extension_requires_meta_id_range_patch,service_registry_v35.csv,no,,
369,RAND_SHUFFLE_DATA,extension_requires_meta_id_range_patch,service_registry_v35.csv,extension_requires_meta_id_range_patch,service_registry_v35.csv,no,,
390,NUM_NEWTON_RAPHSON,extension_requires_meta_id_range_patch,service_registry_v35.csv,extension_requires_meta_id_range_patch,service_registry_v35.csv,no,,
391,NUM_BISECTION,extension_requires_meta_id_range_patch,service_registry_v35.csv,extension_requires_meta_id_range_patch,service_registry_v35.csv,no,,
392,NUM_SECANT,extension_requires_meta_id_range_patch,service_registry_v35.csv,extension_requires_meta_id_range_patch,service_registry_v35.csv,no,,
393,NUM_INTEGRAL_TRAPEZOID,extension_requires_meta_id_range_patch,service_registry_v35.csv,extension_requires_meta_id_range_patch,service_registry_v35.csv,no,,
394,NUM_INTEGRAL_SIMPSON,extension_requires_meta_id_range_patch,service_registry_v35.csv,extension_requires_meta_id_range_patch,service_registry_v35.csv,no,,
395,NUM_INTERPOLATE_LINEAR,extension_requires_meta_id_range_patch,service_registry_v35.csv,extension_requires_meta_id_range_patch,service_registry_v35.csv,no,,
396,NUM_BEZIER_QUADRATIC,extension_requires_meta_id_range_patch,service_registry_v35.csv,extension_requires_meta_id_range_patch,service_registry_v35.csv,no,,
397,NUM_RUNGE_KUTTA4_LINEAR,extension_requires_meta_id_range_patch,service_registry_v35.csv,extension_requires_meta_id_range_patch,service_registry_v35.csv,no,,
398,NUM_ODE_INFO,extension_requires_meta_id_range_patch,service_registry_v35.csv,extension_requires_meta_id_range_patch,service_registry_v35.csv,no,,
399,NUM_PDE_RESERVED,extension_requires_meta_id_range_patch,service_registry_v35.csv,extension_requires_meta_id_range_patch,service_registry_v35.csv,no,,
400,NUM_SPLINE_RESERVED,extension_requires_meta_id_range_patch,service_registry_v35.csv,extension_requires_meta_id_range_patch,service_registry_v35.csv,no,,
401,NUM_ADAPTIVE_INTEGRAL_RESERVED,extension_requires_meta_id_range_patch,service_registry_v35.csv,extension_requires_meta_id_range_patch,service_registry_v35.csv,no,,
402,FILE_OPEN_APPEND_TEXT,extension_requires_meta_id_range_patch,UXM_FILE_IO_SERVICES.md,extension_requires_meta_id_range_patch,UXM_FILE_IO_SERVICES.md,no,,Full UXM_FILE_V1 file service set. Smaller v32 file patch also uses @400..@406 with different frame; use this full version as canonical.
403,FILE_OPEN_BINARY_READ,extension_requires_meta_id_range_patch,UXM_FILE_IO_SERVICES.md,extension_requires_meta_id_range_patch,UXM_FILE_IO_SERVICES.md,no,,Full UXM_FILE_V1 file service set. Smaller v32 file patch also uses @400..@406 with different frame; use this full version as canonical.
404,FILE_OPEN_BINARY_WRITE,extension_requires_meta_id_range_patch,UXM_FILE_IO_SERVICES.md,extension_requires_meta_id_range_patch,UXM_FILE_IO_SERVICES.md,no,,Full UXM_FILE_V1 file service set. Smaller v32 file patch also uses @400..@406 with different frame; use this full version as canonical.
405,FILE_CLOSE,extension_requires_meta_id_range_patch,UXM_FILE_IO_SERVICES.md,extension_requires_meta_id_range_patch,UXM_FILE_IO_SERVICES.md,no,,Full UXM_FILE_V1 file service set. Smaller v32 file patch also uses @400..@406 with different frame; use this full version as canonical.
406,FILE_READ_BYTE,extension_requires_meta_id_range_patch,UXM_FILE_IO_SERVICES.md,extension_requires_meta_id_range_patch,UXM_FILE_IO_SERVICES.md,no,,Full UXM_FILE_V1 file service set. Smaller v32 file patch also uses @400..@406 with different frame; use this full version as canonical.
407,FILE_WRITE_BYTE,extension_requires_meta_id_range_patch,UXM_FILE_IO_SERVICES.md,extension_requires_meta_id_range_patch,UXM_FILE_IO_SERVICES.md,no,,Full UXM_FILE_V1 file service set. Smaller v32 file patch also uses @400..@406 with different frame; use this full version as canonical.
408,FILE_READ_LINE,extension_requires_meta_id_range_patch,UXM_FILE_IO_SERVICES.md,extension_requires_meta_id_range_patch,UXM_FILE_IO_SERVICES.md,no,,Full UXM_FILE_V1 file service set. Smaller v32 file patch also uses @400..@406 with different frame; use this full version as canonical.
409,FILE_WRITE_LINE,extension_requires_meta_id_range_patch,UXM_FILE_IO_SERVICES.md,extension_requires_meta_id_range_patch,UXM_FILE_IO_SERVICES.md,no,,Full UXM_FILE_V1 file service set. Smaller v32 file patch also uses @400..@406 with different frame; use this full version as canonical.
410,FILE_READ_BLOCK,extension_requires_meta_id_range_patch,UXM_FILE_IO_SERVICES.md,extension_requires_meta_id_range_patch,UXM_FILE_IO_SERVICES.md,no,,Full UXM_FILE_V1 file service set. Smaller v32 file patch also uses @400..@406 with different frame; use this full version as canonical.
411,FILE_WRITE_BLOCK,extension_requires_meta_id_range_patch,UXM_FILE_IO_SERVICES.md,extension_requires_meta_id_range_patch,UXM_FILE_IO_SERVICES.md,no,,Full UXM_FILE_V1 file service set. Smaller v32 file patch also uses @400..@406 with different frame; use this full version as canonical.
412,FILE_SEEK,extension_requires_meta_id_range_patch,UXM_FILE_IO_SERVICES.md,extension_requires_meta_id_range_patch,UXM_FILE_IO_SERVICES.md,no,,Full UXM_FILE_V1 file service set. Smaller v32 file patch also uses @400..@406 with different frame; use this full version as canonical.
413,FILE_TELL,extension_requires_meta_id_range_patch,UXM_FILE_IO_SERVICES.md,extension_requires_meta_id_range_patch,UXM_FILE_IO_SERVICES.md,no,,Full UXM_FILE_V1 file service set. Smaller v32 file patch also uses @400..@406 with different frame; use this full version as canonical.
414,FILE_SIZE,extension_requires_meta_id_range_patch,UXM_FILE_IO_SERVICES.md,extension_requires_meta_id_range_patch,UXM_FILE_IO_SERVICES.md,no,,Full UXM_FILE_V1 file service set. Smaller v32 file patch also uses @400..@406 with different frame; use this full version as canonical.
415,FILE_EXISTS,extension_requires_meta_id_range_patch,UXM_FILE_IO_SERVICES.md,extension_requires_meta_id_range_patch,UXM_FILE_IO_SERVICES.md,no,,Full UXM_FILE_V1 file service set. Smaller v32 file patch also uses @400..@406 with different frame; use this full version as canonical.
416,FILE_DELETE_RESERVED,extension_requires_meta_id_range_patch,UXM_FILE_IO_SERVICES.md,extension_requires_meta_id_range_patch,UXM_FILE_IO_SERVICES.md,no,,Full UXM_FILE_V1 file service set. Smaller v32 file patch also uses @400..@406 with different frame; use this full version as canonical.
417,FILE_RENAME_RESERVED,extension_requires_meta_id_range_patch,UXM_FILE_IO_SERVICES.md,extension_requires_meta_id_range_patch,UXM_FILE_IO_SERVICES.md,no,,Full UXM_FILE_V1 file service set. Smaller v32 file patch also uses @400..@406 with different frame; use this full version as canonical.
418,FILE_MKDIR_RESERVED,extension_requires_meta_id_range_patch,UXM_FILE_IO_SERVICES.md,extension_requires_meta_id_range_patch,UXM_FILE_IO_SERVICES.md,no,,Full UXM_FILE_V1 file service set. Smaller v32 file patch also uses @400..@406 with different frame; use this full version as canonical.
419,FILE_STATUS,extension_requires_meta_id_range_patch,UXM_FILE_IO_SERVICES.md,extension_requires_meta_id_range_patch,UXM_FILE_IO_SERVICES.md,no,,Full UXM_FILE_V1 file service set. Smaller v32 file patch also uses @400..@406 with different frame; use this full version as canonical.
450,CPLX_PRINT_RESERVED,extension_requires_meta_id_range_patch,service_registry_v35.csv,extension_requires_meta_id_range_patch,service_registry_v35.csv,no,,
